<?xml version="1.0" encoding="UTF-8"?>
<configuration scan="true" scanPeriod="30 seconds">
	<contextName>${log.context.name}</contextName>
	<property resource="logconfig.properties" />
	
	<appender name="STDOUT" class="ch.qos.logback.core.ConsoleAppender">
		<encoder>
			<pattern>%d{HH:mm:ss.SSS} [%thread] %-5level %logger - %msg%n
			</pattern>
		</encoder>
	</appender>

	<appender name="FILE"
		class="ch.qos.logback.core.rolling.RollingFileAppender">
		<rollingPolicy class="ch.qos.logback.core.rolling.TimeBasedRollingPolicy">
			<fileNamePattern>${catalina.home}/logbacks/${log.context.name}-service.%d{yyyy-MM-dd}.log
			</fileNamePattern>
			<maxHistory>2</maxHistory>
		</rollingPolicy>
		<encoder>
			<pattern>%d{yyyy-MM-dd HH:mm:ss.SSS} %X{ip} [%thread]
				%-5level%logger -%msg%n</pattern>
		</encoder>
	</appender>

	<appender name="SYSLOG" class="ch.qos.logback.classic.net.SyslogAppender">
		<syslogHost>${log.host.ip}</syslogHost>
		<facility>LOCAL0</facility>
		<name>${log.context.name}</name>
		<suffixPattern>%contextName-%d{yyyy-MM-dd
			HH:mm:ss.SSS}[%thread]%-5level %logger%msg%n</suffixPattern>
		<stackTracePattern>%contextName-%d{yyyy-MM-dd HH:mm:ss.SSS} %-5level\t
		</stackTracePattern>
	</appender>

	<appender name="STDOUTASYNC" class="ch.qos.logback.classic.AsyncAppender">
		<!-- 不丢失日志.默认的,如果队列的80%已满,则会丢弃TRACT、DEBUG、INFO级别的日志 -->
		<discardingThreshold>0</discardingThreshold>
		<!-- 更改默认的队列的深度,该值会影响性能.默认值为256 -->
		<queueSize>512</queueSize>
		<!-- 添加附加的appender,最多只能添加一个 -->
		<appender-ref ref="STDOUT" />
	</appender>
	
		
	<appender name="FILEASYNC" class="ch.qos.logback.classic.AsyncAppender">
		<!-- 不丢失日志.默认的,如果队列的80%已满,则会丢弃TRACT、DEBUG、INFO级别的日志 -->
		<discardingThreshold>0</discardingThreshold>
		<!-- 更改默认的队列的深度,该值会影响性能.默认值为256 -->
		<queueSize>512</queueSize>
		<!-- 添加附加的appender,最多只能添加一个 -->
		<appender-ref ref="FILE" />
	</appender>

	<appender name="SYSLOGASYNC" class="ch.qos.logback.classic.AsyncAppender">
		<!-- 不丢失日志.默认的,如果队列的80%已满,则会丢弃TRACT、DEBUG、INFO级别的日志 -->
		<discardingThreshold>0</discardingThreshold>
		<!-- 更改默认的队列的深度,该值会影响性能.默认值为256 -->
		<queueSize>512</queueSize>
		<!-- 添加附加的appender,最多只能添加一个 -->
		<appender-ref ref="SYSLOG" />
	</appender>

	<logger name="com.gy" level="${log.gy.level}" additivity="false">
		<appender-ref ref="STDOUTASYNC" />
		<appender-ref ref="FILEASYNC" />
		<appender-ref ref="SYSLOGASYNC" />
		 

	</logger>
	<logger name="org.springframework" level="${log.spring.level}"
		additivity="false">
		<appender-ref ref="STDOUTASYNC" />
		<appender-ref ref="FILEASYNC" />
		<appender-ref ref="SYSLOGASYNC" />
		 
	</logger>
	<logger name="org.mybatis" level="${log.mybatis.level}"
		additivity="false">
		<appender-ref ref="STDOUTASYNC" />
		<appender-ref ref="FILEASYNC" />
		<appender-ref ref="SYSLOGASYNC" />
		 
	</logger>
	<logger name="org.hibernate" level="${log.hibernate.level}"
		additivity="false">
		<appender-ref ref="STDOUTASYNC" />
		<appender-ref ref="FILEASYNC" />
		<appender-ref ref="SYSLOGASYNC" />
		 
	</logger>
	<logger name="com.alibaba" level="${log.dubbo.level}"
		additivity="false">
		<appender-ref ref="STDOUTASYNC" />
		<appender-ref ref="FILEASYNC" />
		<appender-ref ref="SYSLOGASYNC" />
		 
	</logger>
	<logger name="org.I0Itec" level="${log.other.level}" additivity="false">
		<appender-ref ref="STDOUTASYNC" />
		<appender-ref ref="FILEASYNC" />
		<appender-ref ref="SYSLOGASYNC" />
		 
	</logger>
	<logger name="org.apache.zookeeper" level="${log.zookeeper.level}"
		additivity="false">
		<appender-ref ref="STDOUTASYNC" />
		<appender-ref ref="FILEASYNC" />
		<appender-ref ref="SYSLOGASYNC" />
		 
	</logger>
	<logger name="org.jboss.resteasy" level="${log.resteasy.level}"
		additivity="false">
		<appender-ref ref="STDOUTASYNC" />
		<appender-ref ref="FILEASYNC" />
		<appender-ref ref="SYSLOGASYNC" />
		 
	</logger>
	<logger name="com.github" level="${log.other.level}" additivity="false">
		<appender-ref ref="STDOUTASYNC" />
		<appender-ref ref="FILEASYNC" />
		<appender-ref ref="SYSLOGASYNC" />
		 
	</logger>
	<logger name="redis.client" level="${log.redis.level}"
		additivity="false">
		<appender-ref ref="STDOUTASYNC" />
		<appender-ref ref="FILEASYNC" />
		<appender-ref ref="SYSLOGASYNC" />
		 

	</logger>
	<logger name="org.apache" level="${log.apache.level}" additivity="false">
		<appender-ref ref="STDOUTASYNC" />
		<appender-ref ref="FILEASYNC" />
		<appender-ref ref="SYSLOGASYNC" />
		 
	</logger>
	<logger name="org.jboss" level="${log.jboss.level}" additivity="false">
		<appender-ref ref="STDOUTASYNC" />
		<appender-ref ref="FILEASYNC" />
		<appender-ref ref="SYSLOGASYNC" />
		 
	</logger>
	<logger name="ma.glasnost.orika" level="${log.beanmapper.level}" additivity="false">
		<appender-ref ref="STDOUTASYNC" />
		<appender-ref ref="FILEASYNC" />
		<appender-ref ref="SYSLOGASYNC" />
		 
	</logger>
	<logger name="java.sql" level="${log.java.sql.level}"
		additivity="false">
		<appender-ref ref="STDOUTASYNC" />
		 
	</logger>
	<root level="${log.other.level}">
		<appender-ref ref="STDOUTASYNC" />
		<appender-ref ref="FILEASYNC" />
		<appender-ref ref="SYSLOGASYNC" />
		 
	</root>
</configuration>