﻿<beans xmlns="http://www.springframework.org/schema/beans"
	xmlns:xsi="http://www.w3.org/2001/XMLSchema-instance" xmlns:context="http://www.springframework.org/schema/context"
	xmlns:aop="http://www.springframework.org/schema/aop" xmlns:tx="http://www.springframework.org/schema/tx"
	xsi:schemaLocation="http://www.springframework.org/schema/beans http://www.springframework.org/schema/beans/spring-beans-4.0.xsd
        http://www.springframework.org/schema/context http://www.springframework.org/schema/context/spring-context-4.0.xsd
        http://www.springframework.org/schema/aop http://www.springframework.org/schema/aop/spring-aop-4.0.xsd
        http://www.springframework.org/schema/tx http://www.springframework.org/schema/tx/spring-tx-4.0.xsd"
	default-autowire="byName" default-lazy-init="false">
	
	<bean id="poolConfig" class="redis.clients.jedis.JedisPoolConfig">
		<property name="maxTotal" value="${redis.maxTotal}"></property>
		<property name="maxIdle" value="${redis.maxIdle}"></property>
		<property name="maxWaitMillis" value="${redis.maxWaitMillis}"></property>
		<property name="minEvictableIdleTimeMillis" value="${redis.minEvictableIdleTimeMillis}"></property>
		<property name="numTestsPerEvictionRun" value="${redis.numTestsPerEvictionRun}"></property>
		<property name="timeBetweenEvictionRunsMillis" value="${redis.timeBetweenEvictionRunsMillis}"></property>
	</bean>
	
	 <!-- redis服务器中心 -->  
    <bean id="connectionFactory"  
        class="org.springframework.data.redis.connection.jedis.JedisConnectionFactory">  
        <property name="poolConfig" ref="poolConfig" />  
        <property name="port" value="${redis.port.read}" />  
        <property name="hostName" value="${redis.ip.read}" />  
        <property name="password" value="${redis.pwd}" />  
        <property name="timeout" value="${redis.timeout.read}"></property>  
    </bean>  
      
    <!-- redis客户端模板 -->  
    <bean id="redisTemplate" class="org.springframework.data.redis.core.StringRedisTemplate">  
        <!-- 注入连接工厂 -->  
        <property name="connectionFactory" ref="connectionFactory" />  
        <!-- 配置key序列化类 -->  
        <property name="keySerializer">  
            <bean class="org.springframework.data.redis.serializer.StringRedisSerializer" />  
        </property>  
        <!-- 配置value序列化类 -->  
        <property name="valueSerializer">  
            <bean class="org.springframework.data.redis.serializer.StringRedisSerializer"/>     
        </property>  
        
        <property name="hashKeySerializer">     
           <bean class="org.springframework.data.redis.serializer.StringRedisSerializer"/>     
        </property>   
        <property name="hashValueSerializer">   
           <bean class="org.springframework.data.redis.serializer.StringRedisSerializer"/>     
        </property> 
        
    </bean>  
	
	
	
</beans>