<?xml version="1.0" encoding="UTF-8"?>
<!DOCTYPE mapper PUBLIC "-//mybatis.org//DTD Mapper 3.0//EN" 
"http://mybatis.org/dtd/mybatis-3-mapper.dtd">

<mapper namespace="com.gy.dao.inter.CategoryMapper">

 	<insert id="insert" useGeneratedKeys="true" keyProperty="category.id" keyColumn="id">
        insert into category (
        <include refid="categoryColumns"></include>
        )
        VALUES
        (#{category.name},#{category.createTime},#{category.modifyTime})
    </insert>

	<sql id="categoryColumns">name,createTime,modifyTime</sql>
	
	
	<resultMap type="Category" id="resultCategory">
		<id column="id" property="id" />
		<result column="name" property="name" />
		<result property="creatTime" column="creatTime" jdbcType="TIMESTAMP"/>
		<result property="modifyTime" column="modifyTime" jdbcType="TIMESTAMP"/>
	</resultMap>

	<select id="getCategorys" resultMap="resultCategory">
		SELECT *
		FROM category
	</select>


	<select id="selectByID" resultMap="resultCategory" parameterType="long">
		SELECT *
		FROM category
		WHERE id=#{id}
	</select>

	 <update id="update">
        <bind name="id" value="category.getId()"/>
        update category
        <trim prefix="SET" suffixOverrides=",">
            name=#{category.name},
            modifyTime=#{category.modifyTime},
        </trim>
        where id=#{category.id}
    </update>	
	
	 <delete id="delete" parameterType="long">
 	  delete from category where id=#{id}
    </delete>
    
    
 	<insert id="insertRelations" useGeneratedKeys="true" parameterType="java.util.List">  
	    <selectKey resultType="long" keyProperty="id" order="AFTER">  
	        SELECT  
	        LAST_INSERT_ID()  
	    </selectKey>  
	    insert into cateInfoRelation (cateid,infoid,createTime,modifyTime)   
	    values  
	    <foreach collection="list" item="item" index="index" separator="," >  
	        (#{item.cateid},#{item.infoid},#{item.createTime},#{item.modifyTime})  
	    </foreach>  
	</insert>  
	
	<delete id="deleteRelationByCateid" parameterType="long"> 
		DELETE FROM cateInfoRelation 
		WHERE cateid=#{cateid}
	</delete>
	
	<resultMap type="CateInfoRelation" id="resultCateInfoRelation">
		<id column="id" property="id" />
		<result column="cateid" property="cateid" />
		<result column="infoid" property="infoid" />
	</resultMap>
	
	<select id="getRelationsByCateid" resultMap="resultCateInfoRelation" parameterType="long">
		SELECT *
		FROM cateInfoRelation
		WHERE cateid=#{cateid}
	</select>
	
	<select id="getRelations" resultMap="resultCateInfoRelation">
		SELECT *
		FROM cateInfoRelation
	</select>
	
</mapper>