<?xml version="1.0" encoding="UTF-8"?>
<!DOCTYPE configuration PUBLIC "-//mybatis.org//DTD Config 3.0//EN"
"http://mybatis.org/dtd/mybatis-3-config.dtd">
<configuration>
	<typeAliases>
		<typeAlias alias="Information" type="com.gy.model.Information" />
		<typeAlias alias="Category" type="com.gy.model.Category" />
		<typeAlias alias="CateInfoRelation" type="com.gy.model.CateInfoRelation" />
	</typeAliases>
	<mappers>
		<mapper resource="config/daomapper/Information.xml" />
		<mapper resource="config/daomapper/Category.xml" />
	</mappers>
</configuration>