<?xml version="1.0" encoding="UTF-8"?>
<!DOCTYPE mapper PUBLIC "-//mybatis.org//DTD Mapper 3.0//EN" 
"http://mybatis.org/dtd/mybatis-3-mapper.dtd">

<mapper namespace="com.gy.dao.inter.InformationMapper">

 	<insert id="insert" useGeneratedKeys="true" keyProperty="information.id" keyColumn="id">
        insert into information (
        <include refid="informationColumns"></include>
        )
        VALUES
        (#{information.title},#{information.author},#{information.content},#{information.createTime},#{information.modifyTime})
    </insert>

	<sql id="informationColumns">title,author,content,createTime,modifyTime</sql>
	
	
	<resultMap type="Information" id="resultInformation">
		<id column="id" property="id" />
		<result column="title" property="title" />
		<result property="author" column="author"/>
		<result property="content" column="content"/>
		<result property="creatTime" column="creatTime" jdbcType="TIMESTAMP"/>
		<result property="modifyTime" column="modifyTime" jdbcType="TIMESTAMP"/>
	</resultMap>

	<select id="getInformations" resultMap="resultInformation">
		SELECT *
		FROM information
	</select>


	<select id="selectByID" resultMap="resultInformation" parameterType="long">
		SELECT *
		FROM information
		WHERE id=#{id}
	</select>

	 <update id="update">
        <bind name="id" value="information.getId()"/>
        update information
        <trim prefix="SET" suffixOverrides=",">
            title=#{information.title},
            author=#{information.author},
            content=#{information.content},
            modifyTime=#{information.modifyTime},
        </trim>
        where id=#{information.id}
    </update>	
	
	 <delete id="delete" parameterType="long">
 	  delete from information where id=#{id}
    </delete>

</mapper>